QR Code Link,Replace With Code
https://stores.bluetokaicoffee.com/downloadqrcode/NDMwNjM5/NDM2NzMz,CA-081
https://stores.bluetokaicoffee.com/downloadqrcode/NDMwNjM5/NDM2NzM0,CA-091
https://stores.bluetokaicoffee.com/downloadqrcode/NDMwNjM5/NDM2NzM1,CA-133
https://stores.bluetokaicoffee.com/downloadqrcode/NDMwNjM5/NDM2NzM6,CA-085
https://stores.bluetokaicoffee.com/downloadqrcode/NDMwNjM5/NDM2NzM3,CA-107
https://stores.bluetokaicoffee.com/downloadqrcode/NDMwNjM5/NDM2NzM4,CA-003
https://stores.bluetokaicoffee.com/downloadqrcode/NDMwNjM5/NDM2NzM5,CA-126
https://stores.bluetokaicoffee.com/downloadqrcode/NDMwNjM5/NDM2NzQw,CA-095
https://stores.bluetokaicoffee.com/downloadqrcode/NDMwNjM5/NDM2NzQx,CA-062
https://stores.bluetokaicoffee.com/downloadqrcode/NDMwNjM5/NDM2NzQy,CA-032
https://stores.bluetokaicoffee.com/downloadqrcode/NDMwNjM5/NDM2NzQz,CA-087
https://stores.bluetokaicoffee.com/downloadqrcode/NDMwNjM5/NDM2NzQ0,CA-090
https://stores.bluetokaicoffee.com/downloadqrcode/NDMwNjM5/NDM2NzQ1,CA-017
https://stores.bluetokaicoffee.com/downloadqrcode/NDMwNjM5/NDM2NzQ2,CA-101
https://stores.bluetokaicoffee.com/downloadqrcode/NDMwNjM5/NDM2NzQ3,CA-005
https://stores.bluetokaicoffee.com/downloadqrcode/NDMwNjM5/NDM2NzQ4,CA-136
https://stores.bluetokaicoffee.com/downloadqrcode/NDMwNjM5/NDM2NzQ5,CA-041
https://stores.bluetokaicoffee.com/downloadqrcode/NDMwNjM5/NDM2NzUw,CA-135
https://stores.bluetokaicoffee.com/downloadqrcode/NDMwNjM5/NDM2NzUx,CA-024
https://stores.bluetokaicoffee.com/downloadqrcode/NDMwNjM5/NDM2NzUy,CA-096
https://stores.bluetokaicoffee.com/downloadqrcode/NDMwNjM5/NDM2NzUz,CA-058
https://stores.bluetokaicoffee.com/downloadqrcode/NDMwNjM5/NDM2NzU0,CA-006
https://stores.bluetokaicoffee.com/downloadqrcode/NDMwNjM5/NDM2NzU2,CA-129
https://stores.bluetokaicoffee.com/downloadqrcode/NDMwNjM5/NDM2NzU3,CA-008
https://stores.bluetokaicoffee.com/downloadqrcode/NDMwNjM5/NDM2NzU4,CA-100
https://stores.bluetokaicoffee.com/downloadqrcode/NDMwNjM5/NDM2NzU5,CA-143
https://stores.bluetokaicoffee.com/downloadqrcode/NDMwNjM5/NDM2NzYw,CA-121
https://stores.bluetokaicoffee.com/downloadqrcode/NDMwNjM5/NDM2NzYx,CA-016
https://stores.bluetokaicoffee.com/downloadqrcode/NDMwNjM5/NDM2NzYy,CA-132
https://stores.bluetokaicoffee.com/downloadqrcode/NDMwNjM5/NDM2NzYz,CA-044
https://stores.bluetokaicoffee.com/downloadqrcode/NDMwNjM5/NDM2NzY0,CA-109
https://stores.bluetokaicoffee.com/downloadqrcode/NDMwNjM5/NDM2NzY1,CA-150
https://stores.bluetokaicoffee.com/downloadqrcode/NDMwNjM5/NDM2NzY3,CA-127
https://stores.bluetokaicoffee.com/downloadqrcode/NDMwNjM5/NDM2NzY4,CA-056
https://stores.bluetokaicoffee.com/downloadqrcode/NDMwNjM5/NDM2NzY5,CA-084
https://stores.bluetokaicoffee.com/downloadqrcode/NDMwNjM5/NDM2Nzcw,CA-026
https://stores.bluetokaicoffee.com/downloadqrcode/NDMwNjM5/NDM2Nzcx,CA-104
https://stores.bluetokaicoffee.com/downloadqrcode/NDMwNjM5/NDM2Nzcy,CA-134
https://stores.bluetokaicoffee.com/downloadqrcode/NDMwNjM5/NDM2Nzcz,CA-125
https://stores.bluetokaicoffee.com/downloadqrcode/NDMwNjM5/NDM2Nzc0,CA-088
https://stores.bluetokaicoffee.com/downloadqrcode/NDMwNjM5/NDM2Nzc1,CA-052
https://stores.bluetokaicoffee.com/downloadqrcode/NDMwNjM5/NDM2Nzc2,CA-038
https://stores.bluetokaicoffee.com/downloadqrcode/NDMwNjM5/NDM2Nzc3,CA-053
https://stores.bluetokaicoffee.com/downloadqrcode/NDMwNjM5/NDM2Nzc4,CA-037
https://stores.bluetokaicoffee.com/downloadqrcode/NDMwNjM5/NDM2Nzc5,CA-122
https://stores.bluetokaicoffee.com/downloadqrcode/NDMwNjM5/NDM2Nzgw,CA-028
https://stores.bluetokaicoffee.com/downloadqrcode/NDMwNjM5/NDM2Nzgx,CA-098
https://stores.bluetokaicoffee.com/downloadqrcode/NDMwNjM5/NDM2Nzgy,CA-105
https://stores.bluetokaicoffee.com/downloadqrcode/NDMwNjM5/NDM2Nzgz,CA-108
https://stores.bluetokaicoffee.com/downloadqrcode/NDMwNjM5/NDM2Nzg0,CA-055
https://stores.bluetokaicoffee.com/downloadqrcode/NDMwNjM5/NDM2Nzg1,CA-145
https://stores.bluetokaicoffee.com/downloadqrcode/NDMwNjM5/NDM2Nzg2,CA-099
https://stores.bluetokaicoffee.com/downloadqrcode/NDMwNjM5/NDM2Nzg3,CA-047
https://stores.bluetokaicoffee.com/downloadqrcode/NDMwNjM5/NDM2Nzg4,CA-014
https://stores.bluetokaicoffee.com/downloadqrcode/NDMwNjM5/NDM2Nzg5,CA-147
https://stores.bluetokaicoffee.com/downloadqrcode/NDMwNjM5/NDM2Nzkw,CA-083
https://stores.bluetokaicoffee.com/downloadqrcode/NDMwNjM5/NDM2Nzkx,CA-142
https://stores.bluetokaicoffee.com/downloadqrcode/NDMwNjM5/NDM2Nzky,CA-114
https://stores.bluetokaicoffee.com/downloadqrcode/NDMwNjM5/NDM2Nzkz,CA-082
https://stores.bluetokaicoffee.com/downloadqrcode/NDMwNjM5/NDM2Nzk0,CA-012
https://stores.bluetokaicoffee.com/downloadqrcode/NDMwNjM5/NDM2Nzk1,CA-116
https://stores.bluetokaicoffee.com/downloadqrcode/NDMwNjM5/NDM2Nzk2,CA-004
https://stores.bluetokaicoffee.com/downloadqrcode/NDMwNjM5/NDM2Nzk3,CA-094
https://stores.bluetokaicoffee.com/downloadqrcode/NDMwNjM5/NDM2Nzk5,CA-061
https://stores.bluetokaicoffee.com/downloadqrcode/NDMwNjM5/NDM2ODAw,CA-102
https://stores.bluetokaicoffee.com/downloadqrcode/NDMwNjM5/NDQ2NTUw,CA-159
https://stores.bluetokaicoffee.com/downloadqrcode/NDMwNjM5/NDQ2NTUx,CA-212
https://stores.bluetokaicoffee.com/downloadqrcode/NDMwNjM5/NDQ2NTUy,CA-187
https://stores.bluetokaicoffee.com/downloadqrcode/NDMwNjM5/NDQ2NTUz,CA-156
https://stores.bluetokaicoffee.com/downloadqrcode/NDMwNjM5/NDQ2NTU0,CA-178
https://stores.bluetokaicoffee.com/downloadqrcode/NDMwNjM5/NDQ2NTU1,CA-173
https://stores.bluetokaicoffee.com/downloadqrcode/NDMwNjM5/NDQ2NTU2,CA-130
https://stores.bluetokaicoffee.com/downloadqrcode/NDMwNjM5/NDQ2NTU3,CA-199
https://stores.bluetokaicoffee.com/downloadqrcode/NDMwNjM5/NDQ2NTU4,CA-181
https://stores.bluetokaicoffee.com/downloadqrcode/NDMwNjM5/NDQ2NTU5,CA-201
https://stores.bluetokaicoffee.com/downloadqrcode/NDMwNjM5/NDQ2NTYx,CA-195
https://stores.bluetokaicoffee.com/downloadqrcode/NDMwNjM5/NDQ2NTYy,CA-183
https://stores.bluetokaicoffee.com/downloadqrcode/NDMwNjM5/NDQ2NTYz,CA-113
https://stores.bluetokaicoffee.com/downloadqrcode/NDMwNjM5/NDQ2NTY0,CA-164
https://stores.bluetokaicoffee.com/downloadqrcode/NDMwNjM5/NDQ2NTY5,CA-139
https://stores.bluetokaicoffee.com/downloadqrcode/NDMwNjM5/NDQ2NTY1,CA-161
https://stores.bluetokaicoffee.com/downloadqrcode/NDMwNjM5/NDQ2NTY2,CA-118
https://stores.bluetokaicoffee.com/downloadqrcode/NDMwNjM5/NDQ2NTY3,CA-189
https://stores.bluetokaicoffee.com/downloadqrcode/NDMwNjM5/NDQ2NTY4,CA-202
https://stores.bluetokaicoffee.com/downloadqrcode/NDMwNjM5/NDQ2NTcw,CA-218
https://stores.bluetokaicoffee.com/downloadqrcode/NDMwNjM5/NDQ2NTcx,CA-182
https://stores.bluetokaicoffee.com/downloadqrcode/NDMwNjM5/NDQ2NTcy,CA-148
https://stores.bluetokaicoffee.com/downloadqrcode/NDMwNjM5/NDQ2NTcz,CA-119
https://stores.bluetokaicoffee.com/downloadqrcode/NDMwNjM5/NDQ2NTc0,CA-177
https://stores.bluetokaicoffee.com/downloadqrcode/NDMwNjM5/NDQ2NTc1,CA-213
https://stores.bluetokaicoffee.com/downloadqrcode/NDMwNjM5/NDQ2NTc2,CA-131
https://stores.bluetokaicoffee.com/downloadqrcode/NDMwNjM5/NDQ2NTc3,CA-185
https://stores.bluetokaicoffee.com/downloadqrcode/NDMwNjM5/NDQ2NTc4,CA-162
https://stores.bluetokaicoffee.com/downloadqrcode/NDMwNjM5/NDQ2NTc5,CA-176
https://stores.bluetokaicoffee.com/downloadqrcode/NDMwNjM5/NDQ2NTgw,CA-146
https://stores.bluetokaicoffee.com/downloadqrcode/NDMwNjM5/NDQ2NTgx,CA-166
https://stores.bluetokaicoffee.com/downloadqrcode/NDMwNjM5/NDQ3MDkw,CA-110
https://stores.bluetokaicoffee.com/downloadqrcode/NDMwNjM5/NDQ3MDkz,CA-076
https://stores.bluetokaicoffee.com/downloadqrcode/NDMwNjM5/NDQ3MDk0,CA-011
https://stores.bluetokaicoffee.com/downloadqrcode/NDMwNjM5/NDQ3MDk3,CA-128
https://stores.bluetokaicoffee.com/downloadqrcode/NDMwNjM5/NDQ3MDk5,CA-013
https://stores.bluetokaicoffee.com/downloadqrcode/NDMwNjM5/NDQ3MTAx,CA-086
https://stores.bluetokaicoffee.com/downloadqrcode/NDMwNjM5/NDQ3MTAz,CA-060
https://stores.bluetokaicoffee.com/downloadqrcode/NDMwNjM5/NDQ3MTA0,CA-030
https://stores.bluetokaicoffee.com/downloadqrcode/NDMwNjM5/NDQ3MTA1,CA-103
https://stores.bluetokaicoffee.com/downloadqrcode/NDMwNjM5/NDQ3MTA2,CA-117
https://stores.bluetokaicoffee.com/downloadqrcode/NDMwNjM5/NDQ3MTA4,CA-033
https://stores.bluetokaicoffee.com/downloadqrcode/NDMwNjM5/NDQ3MTA5,CA-093
https://stores.bluetokaicoffee.com/downloadqrcode/NDMwNjM5/NDQ3MTEw,CA-144
https://stores.bluetokaicoffee.com/downloadqrcode/NDMwNjM5/NDQ3MTEx,CA-035
https://stores.bluetokaicoffee.com/downloadqrcode/NDMwNjM5/NDQ3MTEy,CA-089
https://stores.bluetokaicoffee.com/downloadqrcode/NDMwNjM5/NDQ3MTE1,CA-106
https://stores.bluetokaicoffee.com/downloadqrcode/NDMwNjM5/NDQ3MTE3,CA-111
https://stores.bluetokaicoffee.com/downloadqrcode/NDMwNjM5/NDQ3MTE4,CA-040
https://stores.bluetokaicoffee.com/downloadqrcode/NDMwNjM5/NDQ3MTE5,CA-043
https://stores.bluetokaicoffee.com/downloadqrcode/NDMwNjM5/NDQ3MTIw,CA-112
https://stores.bluetokaicoffee.com/downloadqrcode/NDMwNjM5/NDQ3MTIx,CA-010
https://stores.bluetokaicoffee.com/downloadqrcode/NDMwNjM5/NDQ3MTIy,CA-097
https://stores.bluetokaicoffee.com/downloadqrcode/NDMwNjM5/NDQ3MTI0,CA-018
https://stores.bluetokaicoffee.com/downloadqrcode/NDMwNjM5/NDQ3MTI1,CA-221
https://stores.bluetokaicoffee.com/downloadqrcode/NDMwNjM5/NDQ3MTI2,CA-220
https://stores.bluetokaicoffee.com/downloadqrcode/NDMwNjM5/NDQ3MTI3,CA-230
https://stores.bluetokaicoffee.com/downloadqrcode/NDMwNjM5/NDQ3MTI5,CA-229
https://stores.bluetokaicoffee.com/downloadqrcode/NDMwNjM5/NDQ3MTMw,CA-186
https://stores.bluetokaicoffee.com/downloadqrcode/NDMwNjM5/NDQ3Mjc2,CA-057
https://stores.bluetokaicoffee.com/downloadqrcode/NDMwNjM5/NDQ3Mjc3,CA-140
https://stores.bluetokaicoffee.com/downloadqrcode/NDMwNjM5/NDQ3Mjc8,CA-217
https://stores.bluetokaicoffee.com/downloadqrcode/NDMwNjM5/NDQ3NjYz,CA-124
https://stores.bluetokaicoffee.com/downloadqrcode/NDMwNjM5/NDQ3ODY0,CA-237
https://stores.bluetokaicoffee.com/downloadqrcode/NDMwNjM5/NDQ3OTQx,CA-200
https://stores.bluetokaicoffee.com/downloadqrcode/NDMwNjM5/NDQ3OTQy,CA-165
https://stores.bluetokaicoffee.com/downloadqrcode/NDMwNjM5/NDQ3OTQ1,CA-210
https://stores.bluetokaicoffee.com/downloadqrcode/NDMwNjM5/NDQ4MTAy,CA-215
https://stores.bluetokaicoffee.com/downloadqrcode/NDMwNjM5/NDQ4MTAz,CA-179
https://stores.bluetokaicoffee.com/downloadqrcode/NDMwNjM5/NDQ4MTA1,CA-207
https://stores.bluetokaicoffee.com/downloadqrcode/NDMwNjM5/NDQ4MTA2,CA-175
https://stores.bluetokaicoffee.com/downloadqrcode/NDMwNjM5/NDQ4MTA3,CA-171
https://stores.bluetokaicoffee.com/downloadqrcode/NDMwNjM5/NDQ4MTA4,CA-196
https://stores.bluetokaicoffee.com/downloadqrcode/NDMwNjM5/NDQ4MTA5,CA-193
https://stores.bluetokaicoffee.com/downloadqrcode/NDMwNjM5/NDQ4MTEw,CA-209
https://stores.bluetokaicoffee.com/downloadqrcode/NDMwNjM5/NDQ4MTEx,CA-154
https://stores.bluetokaicoffee.com/downloadqrcode/NDMwNjM5/NDQ4MTE4,CA-232
https://stores.bluetokaicoffee.com/downloadqrcode/NDMwNjM5/NDczNTUw,CA-255
https://stores.bluetokaicoffee.com/downloadqrcode/NDMwNjM5/NDczNTkw,CA-190
https://stores.bluetokaicoffee.com/downloadqrcode/NDMwNjM5/NDczNzUz,CA-243
https://stores.bluetokaicoffee.com/downloadqrcode/NDMwNjM5/NDczOTI1,CA-222
https://stores.bluetokaicoffee.com/downloadqrcode/NDMwNjM5/NDczOTI3,CA-219
https://stores.bluetokaicoffee.com/downloadqrcode/NDMwNjM5/NDc0MzU1,CA-216
https://stores.bluetokaicoffee.com/downloadqrcode/NDMwNjM5/NDc0Njgy,CA-249
https://stores.bluetokaicoffee.com/downloadqrcode/NDMwNjM5/NDc1NjQx,CA-236
https://stores.bluetokaicoffee.com/downloadqrcode/NDMwNjM5/NDc5OTQ2,CA-246
https://stores.bluetokaicoffee.com/downloadqrcode/NDMwNjM5/NDc5OTQ3,CA-254
https://stores.bluetokaicoffee.com/downloadqrcode/NDMwNjM5/NDc5OTQ4,CA-244
https://stores.bluetokaicoffee.com/downloadqrcode/NDMwNjM5/NDgyMDY1,CA-272
https://stores.bluetokaicoffee.com/downloadqrcode/NDMwNjM5/NDgyMDY2,CA-238
https://stores.bluetokaicoffee.com/downloadqrcode/NDMwNjM5/NDgzMjYx,CA-273
https://stores.bluetokaicoffee.com/downloadqrcode/NDMwNjM5/NDg3OTUx,CA-270
https://stores.bluetokaicoffee.com/downloadqrcode/NDMwNjM5/NDg5MTA5,CA-276
https://stores.bluetokaicoffee.com/downloadqrcode/NDMwNjM5/NDg5MTEw,CA-267
https://stores.bluetokaicoffee.com/downloadqrcode/NDMwNjM5/NDg5MTEx,CA-256
https://stores.bluetokaicoffee.com/downloadqrcode/NDMwNjM5/NDg5NzEy,CA-234
https://stores.bluetokaicoffee.com/downloadqrcode/NDMwNjM5/NDkyNDYy,CA-228
https://stores.bluetokaicoffee.com/downloadqrcode/NDMwNjM5/NDkyNDYz,CA-250
https://stores.bluetokaicoffee.com/downloadqrcode/NDMwNjM5/NDk3NDY2,CA-275
https://stores.bluetokaicoffee.com/downloadqrcode/NDMwNjM5/NTAxMzMz,CA-284
https://stores.bluetokaicoffee.com/downloadqrcode/NDMwNjM5/NTA1Nzc0,CA-203
https://stores.bluetokaicoffee.com/downloadqrcode/NDMwNjM5/NTA1Nzc1,CA-283
https://stores.bluetokaicoffee.com/downloadqrcode/NDMwNjM5/NTA2MTcy,CA-269
https://stores.bluetokaicoffee.com/downloadqrcode/NDMwNjM5/NTA2MjMy,CA-288
https://stores.bluetokaicoffee.com/downloadqrcode/NDMwNjM5/NTA3MDIz,CA-251
https://stores.bluetokaicoffee.com/downloadqrcode/NDMwNjM5/NTA3MDI0,CA-278
https://stores.bluetokaicoffee.com/downloadqrcode/NDMwNjM5/NTA4Nzky,CA-282
https://stores.bluetokaicoffee.com/downloadqrcode/NDMwNjM5/NTE1OTc0,CA-151
https://stores.bluetokaicoffee.com/downloadqrcode/NDMwNjM5/NTE2ODcx,CA-281
https://stores.bluetokaicoffee.com/downloadqrcode/NDMwNjM5/NTE2OTE0,CA-285
https://stores.bluetokaicoffee.com/downloadqrcode/NDMwNjM5/NTIwMTAy,CA-292
https://stores.bluetokaicoffee.com/downloadqrcode/NDMwNjM5/NTIyMTY3,CA-266
https://stores.bluetokaicoffee.com/downloadqrcode/NDMwNjM5/NTI1NTMy,CA-248
https://stores.bluetokaicoffee.com/downloadqrcode/NDMwNjM5/NTI1NTMz,CA-240
https://stores.bluetokaicoffee.com/downloadqrcode/NDMwNjM5/NTI1NTcw,CA-291
https://stores.bluetokaicoffee.com/downloadqrcode/NDMwNjM5/NTI3MjU5,CA-304
https://stores.bluetokaicoffee.com/downloadqrcode/NDMwNjM5/NTI4ODAy,CA-295
https://stores.bluetokaicoffee.com/downloadqrcode/NDMwNjM5/NTI4ODAz,CA-294
https://stores.bluetokaicoffee.com/downloadqrcode/NDMwNjM5/NTI4ODA0,CA-290
https://stores.bluetokaicoffee.com/downloadqrcode/NDMwNjM5/NTI4ODA1,CA-297
https://stores.bluetokaicoffee.com/downloadqrcode/NDMwNjM5/NTI5MDU2,CA-302
https://stores.bluetokaicoffee.com/downloadqrcode/NDMwNjM5/NTMyMjg3,CA-289
https://stores.bluetokaicoffee.com/downloadqrcode/NDMwNjM5/NTMyMjg4,CA-298
https://stores.bluetokaicoffee.com/downloadqrcode/NDMwNjM5/NTMyNzUy,CA-287
https://stores.bluetokaicoffee.com/downloadqrcode/NDMwNjM5/NTM0MjI3,CA-310
https://stores.bluetokaicoffee.com/downloadqrcode/NDMwNjM5/NTM0MzY4,CA-309
https://stores.bluetokaicoffee.com/downloadqrcode/NDMwNjM5/NTM2NTMy,CA-286
https://stores.bluetokaicoffee.com/downloadqrcode/NDMwNjM5/NTM2NTMz,CA-257
https://stores.bluetokaicoffee.com/downloadqrcode/NDMwNjM5/NTM2NTM0,CA-224
https://stores.bluetokaicoffee.com/downloadqrcode/NDMwNjM5/NTM3NDA2,CA-263
https://stores.bluetokaicoffee.com/downloadqrcode/NDMwNjM5/NTM3NDE1,CA-317
https://stores.bluetokaicoffee.com/downloadqrcode/NDMwNjM5/NTM3NDE2,CA-311
https://stores.bluetokaicoffee.com/downloadqrcode/NDMwNjM5/NTM3NDE3,CA-312
https://stores.bluetokaicoffee.com/downloadqrcode/NDMwNjM5/NTM3NzMw,CA-303
https://stores.bluetokaicoffee.com/downloadqrcode/NDMwNjM5/NTM3NzMx,CA-321
https://stores.bluetokaicoffee.com/downloadqrcode/NDMwNjM5/NTM3NzMy,CA-315
https://stores.bluetokaicoffee.com/downloadqrcode/NDMwNjM5/NTM3OTIz,CA-293
https://stores.bluetokaicoffee.com/downloadqrcode/NDMwNjM5/NTM4NTU2,CA-322
https://stores.bluetokaicoffee.com/downloadqrcode/NDMwNjM5/NTM4ODM4,CA-223
https://stores.bluetokaicoffee.com/downloadqrcode/NDMwNjM5/NTQwNzA2,CA-299
https://stores.bluetokaicoffee.com/downloadqrcode/NDMwNjM5/NTQwNzA3,CA-318
https://stores.bluetokaicoffee.com/downloadqrcode/NDMwNjM5/NTQwNzA8,CA-265
https://stores.bluetokaicoffee.com/downloadqrcode/NDMwNjM5/NTQ2NDA4,CA-274
https://stores.bluetokaicoffee.com/downloadqrcode/NDMwNjM5/NTU3MjI3,CA-323
https://stores.bluetokaicoffee.com/downloadqrcode/NDMwNjM5/NTYyNTk5,CA-316
https://stores.bluetokaicoffee.com/downloadqrcode/NDMwNjM5/NTYyNjAw,CA-204
https://stores.bluetokaicoffee.com/downloadqrcode/NDMwNjM5/NTYyNjAx,CA-300
https://stores.bluetokaicoffee.com/downloadqrcode/NDMwNjM5/NTYyODUy,CA-231
https://stores.bluetokaicoffee.com/downloadqrcode/NDMwNjM5/NTYyODUz,CA-324
https://stores.bluetokaicoffee.com/downloadqrcode/NDMwNjM5/NTY0MzQw,CA-329
